/*INSERT INTO "LEAGUE_PER_SEASON" ("id_season", "id_league") VALUES
(1, 1),
(1, 2),
(1, 3),
(2, 1),
(2, 2),
(2, 3);*/

/*INSERT INTO "COACH" ("name", "lastname", "id_team_per_season", "start_date", "end_date") VALUES
-- Κατηγορία Α
('Γιάννης', 'Παπαδόπουλος', 1, '2023-09-01', '2024-05-31'),
('Κώστας', 'Νικολάου', 2, '2023-09-01', '2024-03-31'),
('Δημήτρης', 'Σταματόπουλος', 3, '2023-09-01', '2024-05-31'),
('Πέτρος', 'Αναστασίου', 4, '2023-09-01', '2024-02-28'),
('Αλέξανδρος', 'Μακρής', 5, '2023-09-01', '2024-05-31'),
('Σπύρος', 'Κωνσταντίνου', 6, '2023-09-01', '2024-05-31'),
('Μιχάλης', 'Παπαδημητρίου', 7, '2023-09-01', '2024-05-31'),
('Νίκος', 'Αθανασίου', 8, '2023-09-01', '2024-05-31'),
('Γιώργος', 'Παναγιωτόπουλος', 9, '2023-09-01', '2024-05-31'),
('Χρήστος', 'Διαμαντόπουλος', 10, '2023-09-01', '2024-05-31'),
('Ανδρέας', 'Καραγιάννης', 11, '2023-09-01', '2024-05-31'),
('Θανάσης', 'Παπαδόπουλος', 12, '2023-09-01', '2024-05-31'),

-- Νέοι προπονητές για τις ομάδες που έμειναν χωρίς προπονητή
('Παναγιώτης', 'Μακρής', 2, '2024-04-01', '2024-05-31'),
('Αντώνης', 'Παπαδόπουλος', 4, '2024-03-01', '2024-05-31'),

-- Κατηγορία Β
('Παναγιώτης', 'Ιωάννου', 13, '2023-09-01', '2024-05-31'),
('Στέφανος', 'Δημητρίου', 14, '2023-09-01', '2024-05-31'),
('Αντώνης', 'Μιχαηλίδης', 15, '2023-09-01', '2024-05-31'),
('Βασίλης', 'Αναγνωστόπουλος', 16, '2023-09-01', '2024-05-31'),
('Ηλίας', 'Παπακωνσταντίνου', 17, '2023-09-01', '2024-05-31'),
('Μάριος', 'Γεωργίου', 18, '2023-09-01', '2024-05-31'),
('Σωτήρης', 'Κυριακίδης', 19, '2023-09-01', '2024-05-31'),
('Περικλής', 'Αλεξίου', 20, '2023-09-01', '2024-05-31'),
('Αλέξης', 'Παπαδόπουλος', 21, '2023-09-01', '2024-05-31'),
('Διονύσης', 'Σταματόπουλος', 22, '2023-09-01', '2024-05-31'),
('Μιχάλης', 'Αναστασίου', 23, '2023-09-01', '2024-05-31'),
('Γιάννης', 'Μακρής', 24, '2023-09-01', '2024-05-31'),

-- Κατηγορία Γ
('Νίκος', 'Κωνσταντίνου', 25, '2023-09-01', '2024-05-31'),
('Πέτρος', 'Παπαδημητρίου', 26, '2023-09-01', '2024-05-31'),
('Αλέξανδρος', 'Παπαδόπουλος', 27, '2023-09-01', '2024-05-31'),
('Σπύρος', 'Αθανασίου', 28, '2023-09-01', '2024-05-31'),
('Μιχάλης', 'Παναγιωτόπουλος', 29, '2023-09-01', '2024-05-31'),
('Γιώργος', 'Διαμαντόπουλος', 30, '2023-09-01', '2024-05-31'),
('Χρήστος', 'Καραγιάννης', 31, '2023-09-01', '2024-05-31'),
('Ανδρέας', 'Παπαδόπουλος', 32, '2023-09-01', '2024-05-31'),
('Θανάσης', 'Ιωάννου', 33, '2023-09-01', '2024-05-31'),
('Παναγιώτης', 'Δημητρίου', 34, '2023-09-01', '2024-05-31'),
('Στέφανος', 'Μιχαηλίδης', 35, '2023-09-01', '2024-05-31'),
('Αντώνης', 'Αναγνωστόπουλος', 36, '2023-09-01', '2024-05-31');

UPDATE "COACH" SET "end_date" = '2025-05-31' WHERE "id_team_per_season" IN (1, 3, 5, 6, 7, 8, 9, 10, 11, 12, 13, 14, 15, 16, 17, 18, 19, 20, 21, 22, 23, 24, 25, 26, 27, 28, 29, 30, 31, 32, 33, 34, 35, 36);

-- Νέες εγγραφές για προπονητές που αλλάζουν
INSERT INTO "COACH" ("name", "lastname", "id_team_per_season", "start_date", "end_date") VALUES
-- Κατηγορία Β
('Γιώργος', 'Παπαδόπουλος', 13, '2024-09-01', '2025-05-31'),
('Νίκος', 'Δημητρίου', 14, '2024-09-01', '2025-05-31'),

-- Κατηγορία Γ
('Στέφανος', 'Ιωάννου', 25, '2024-09-01', '2025-05-31'),
('Πέτρος', 'Γεωργίου', 26, '2024-09-01', '2025-05-31');*/
/*INSERT INTO "MATCHWEEK" ("id_matchweek", "round", "id_season",  "id_league", "start_date", "end_date") VALUES
-- Κατηγορία Α - Περίοδος 2023-2024
(1, 1, 1,  1, '2023-09-01', '2023-09-07'),
(2, 2, 1,  1, '2023-09-08', '2023-09-14'),
(3, 3, 1,  1, '2023-09-15', '2023-09-21'),
(4, 4, 1,  1, '2023-09-22', '2023-09-28'),
(5, 5, 1,  1, '2023-09-29', '2023-10-05'),
(6, 6, 1,  1, '2023-10-06', '2023-10-12'),
(7, 7, 1,  1, '2023-10-13', '2023-10-19'),
(8, 8, 1,  1, '2023-10-20', '2023-10-26'),
(9, 9, 1,  1, '2023-10-27', '2023-11-02'),
(10, 10, 1,  1, '2023-11-03', '2023-11-09'),
(11, 11, 1,  1, '2023-11-10', '2023-11-16'),
(12, 12, 1,  1, '2023-11-17', '2023-11-23'),
(13, 13, 1,  1, '2023-11-24', '2023-11-30'),
(14, 14, 1,  1, '2023-12-01', '2023-12-07'),
(15, 15, 1,  1, '2023-12-08', '2023-12-14'),
(16, 16, 1,  1, '2023-12-15', '2023-12-21'),
(17, 17, 1,  1, '2023-12-22', '2023-12-28'),
(18, 18, 1,  1, '2023-12-29', '2024-01-04'),
(19, 19, 1,  1, '2024-01-05', '2024-01-11'),
(20, 20, 1,  1, '2024-01-12', '2024-01-18'),
(21, 21, 1,  1, '2024-01-19', '2024-01-25'),
(22, 22, 1,  1, '2024-01-26', '2024-02-01');
INSERT INTO "MATCHWEEK" ("id_matchweek", "round", "id_season", "id_league", "start_date", "end_date") VALUES
(23, 1, 1,  2, '2023-09-01', '2023-09-07'),
(24, 2, 1,  2, '2023-09-08', '2023-09-14'),
(25, 3, 1,  2, '2023-09-15', '2023-09-21'),
(26, 4, 1,  2, '2023-09-22', '2023-09-28'),
(27, 5, 1,  2, '2023-09-29', '2023-10-05'),
(28, 6, 1,  2, '2023-10-06', '2023-10-12'),
(29, 7, 1,  2, '2023-10-13', '2023-10-19'),
(30, 8, 1,  2, '2023-10-20', '2023-10-26'),
(31, 9, 1,  2, '2023-10-27', '2023-11-02'),
(32, 10, 1,  2, '2023-11-03', '2023-11-09'),
(33, 11, 1,  2, '2023-11-10', '2023-11-16'),
(34, 12, 1,  2, '2023-11-17', '2023-11-23'),
(35, 13, 1,  2, '2023-11-24', '2023-11-30'),
(36, 14, 1,  2, '2023-12-01', '2023-12-07'),
(37, 15, 1,  2, '2023-12-08', '2023-12-14'),
(38, 16, 1,  2, '2023-12-15', '2023-12-21'),
(39, 17, 1,  2, '2023-12-22', '2023-12-28'),
(40, 18, 1,  2, '2023-12-29', '2024-01-04'),
(41, 19, 1,  2, '2024-01-05', '2024-01-11'),
(42, 20, 1,  2, '2024-01-12', '2024-01-18'),
(43, 21, 1,  2, '2024-01-19', '2024-01-25'),
(44, 22, 1,  2, '2024-01-26', '2024-02-01');
INSERT INTO "MATCHWEEK" ("id_matchweek", "round", "id_season", "id_league", "start_date", "end_date") VALUES
(45, 1, 1,  3, '2023-09-01', '2023-09-07'),
(46, 2, 1,  3, '2023-09-08', '2023-09-14'),
(47, 3, 1,  3, '2023-09-15', '2023-09-21'),
(48, 4, 1,  3, '2023-09-22', '2023-09-28'),
(49, 5, 1,  3, '2023-09-29', '2023-10-05'),
(50, 6, 1,  3, '2023-10-06', '2023-10-12'),
(51, 7, 1,  3, '2023-10-13', '2023-10-19'),
(52, 8, 1,  3, '2023-10-20', '2023-10-26'),
(53, 9, 1,  3, '2023-10-27', '2023-11-02'),
(54, 10, 1,  3, '2023-11-03', '2023-11-09'),
(55, 11, 1,  3, '2023-11-10', '2023-11-16'),
(56, 12, 1,  3, '2023-11-17', '2023-11-23'),
(57, 13, 1,  3, '2023-11-24', '2023-11-30'),
(58, 14, 1,  3, '2023-12-01', '2023-12-07'),
(59, 15, 1,  3, '2023-12-08', '2023-12-14'),
(60, 16, 1,  3, '2023-12-15', '2023-12-21'),
(61, 17, 1,  3, '2023-12-22', '2023-12-28'),
(62, 18, 1,  3, '2023-12-29', '2024-01-04'),
(63, 19, 1,  3, '2024-01-05', '2024-01-11'),
(64, 20, 1,  3, '2024-01-12', '2024-01-18'),
(65, 21, 1,  3, '2024-01-19', '2024-01-25'),
(66, 22, 1,  3, '2024-01-26', '2024-02-01');
INSERT INTO "MATCHWEEK" ("id_matchweek", "round", "id_season",  "id_league", "start_date", "end_date") VALUES
(67, 1, 2,  1, '2024-09-01', '2024-09-07'),
(68, 2, 2,  1, '2024-09-08', '2024-09-14'),
(69, 3, 2,  1, '2024-09-15', '2024-09-21'),
(70, 4, 2,  1, '2024-09-22', '2024-09-28'),
(71, 5, 2,  1, '2024-09-29', '2024-10-05'),
(72, 6, 2,  1, '2024-10-06', '2024-10-12'),
(73, 7, 2,  1, '2024-10-13', '2024-10-19'),
(74, 8, 2,  1, '2024-10-20', '2024-10-26'),
(75, 9, 2,  1, '2024-10-27', '2024-11-02'),
(76, 10, 2,  1, '2024-11-03', '2024-11-09'),
(77, 11, 2,  1, '2024-11-10', '2024-11-16'),
(78, 12, 2,  1, '2024-11-17', '2024-11-23'),
(79, 13, 2,  1, '2024-11-24', '2024-11-30'),
(80, 14, 2,  1, '2024-12-01', '2024-12-07'),
(81, 15, 2,  1, '2024-12-08', '2024-12-14'),
(82, 16, 2,  1, '2024-12-15', '2024-12-21'),
(83, 17, 2,  1, '2024-12-22', '2024-12-28'),
(84, 18, 2,  1, '2024-12-29', '2025-01-04'),
(85, 19, 2,  1, '2025-01-05', '2025-01-11'),
(86, 20, 2,  1, '2025-01-12', '2025-01-18'),
(87, 21, 2,  1, '2025-01-19', '2025-01-25'),
(88, 22, 2,  1, '2025-01-26', '2025-02-01');
INSERT INTO "MATCHWEEK" ("id_matchweek", "round", "id_season",  "id_league", "start_date", "end_date") VALUES
(89, 1, 2,  2, '2024-09-01', '2024-09-07'),
(90, 2, 2,  2, '2024-09-08', '2024-09-14'),
(91, 3, 2,  2, '2024-09-15', '2024-09-21'),
(92, 4, 2,  2, '2024-09-22', '2024-09-28'),
(93, 5, 2,  2, '2024-09-29', '2024-10-05'),
(94, 6, 2,  2, '2024-10-06', '2024-10-12'),
(95, 7, 2,  2, '2024-10-13', '2024-10-19'),
(96, 8, 2,  2, '2024-10-20', '2024-10-26'),
(97, 9, 2,  2, '2024-10-27', '2024-11-02'),
(98, 10, 2,  2, '2024-11-03', '2024-11-09'),
(99, 11, 2,  2, '2024-11-10', '2024-11-16'),
(100, 12, 2,  2, '2024-11-17', '2024-11-23'),
(101, 13, 2,  2, '2024-11-24', '2024-11-30'),
(102, 14, 2,  2, '2024-12-01', '2024-12-07'),
(103, 15, 2,  2, '2024-12-08', '2024-12-14'),
(104, 16, 2,  2, '2024-12-15', '2024-12-21'),
(105, 17, 2,  2, '2024-12-22', '2024-12-28'),
(106, 18, 2,  2, '2024-12-29', '2025-01-04'),
(107, 19, 2,  2, '2025-01-05', '2025-01-11'),
(108, 20, 2,  2, '2025-01-12', '2025-01-18'),
(109, 21, 2,  2, '2025-01-19', '2025-01-25'),
(110, 22, 2,  2, '2025-01-26', '2025-02-01');
INSERT INTO "MATCHWEEK" ("id_matchweek", "round", "id_season",  "id_league", "start_date", "end_date") VALUES
(111, 1, 2,  3, '2024-09-01', '2024-09-07'),
(112, 2, 2,  3, '2024-09-08', '2024-09-14'),
(113, 3, 2,  3, '2024-09-15', '2024-09-21'),
(114, 4, 2,  3, '2024-09-22', '2024-09-28'),
(115, 5, 2,  3, '2024-09-29', '2024-10-05'),
(116, 6, 2,  3, '2024-10-06', '2024-10-12'),
(117, 7, 2,  3, '2024-10-13', '2024-10-19'),
(118, 8, 2,  3, '2024-10-20', '2024-10-26'),
(119, 9, 2,  3, '2024-10-27', '2024-11-02'),
(120, 10, 2,  3, '2024-11-03', '2024-11-09'),
(121, 11, 2,  3, '2024-11-10', '2024-11-16'),
(122, 12, 2,  3, '2024-11-17', '2024-11-23'),
(123, 13, 2,  3, '2024-11-24', '2024-11-30'),
(124, 14, 2,  3, '2024-12-01', '2024-12-07'),
(125, 15, 2,  3, '2024-12-08', '2024-12-14'),
(126, 16, 2,  3, '2024-12-15', '2024-12-21'),
(127, 17, 2,  3, '2024-12-22', '2024-12-28'),
(128, 18, 2,  3, '2024-12-29', '2025-01-04'),
(129, 19, 2,  3, '2025-01-05', '2025-01-11'),
(130, 20, 2,  3, '2025-01-12', '2025-01-18'),
(131, 21, 2,  3, '2025-01-19', '2025-01-25'),
(132, 22, 2,  3, '2025-01-26', '2025-02-01');*/
/*INSERT INTO "PUNISHMENT" ("id_punishment", "reason", "duration", "money_penalty", "points_penalty") VALUES
(1, 'βίαιη συμπεριφορά', '2 εβδομάδες', 1000, 5),
(2, 'υβριστική συμπεριφορά', '1 εβδομάδα', 300, 2),
(3, 'καθυστερημένη πληρωμή', '1 μήνας', 200, 0),
(4, 'αντιαθλητική συμπεριφορά', '3 εβδομάδες', 700, 3);*/
/*INSERT INTO "TEAM_PUNISHMENT" ("id_team_per_season", "id_punishment", "punishment_date") VALUES
(1, 2, '2023-10-01'),
(14, 1, '2023-11-15'),
(27, 3, '2023-12-05'),
(50, 4, '2024-01-20');*/
/*INSERT INTO "GOAL" ("id_goal", "type") VALUES
(1, 'γκολ_υπέρ'),
(2, 'αυτογκόλ');*/
/*INSERT INTO "CARD" ("id_card", "type") VALUES
(1, 'κίτρινη'),
(2, 'κόκκινη');*/
/*INSERT INTO "PARTICIPATION" ("id_participation","minute_in","minute_out") VALUES
(1,0,90),
(2,0,90),
(3,75,90),
(4,90,90),
(5,0,75),
(6,0,90),
(7,0,90),
(8,25,70),
(9,0,90),
(10,0,90);*/
/*INSERT INTO "MATCH" ("id_match", "id_matchweek", "match_date","match_time","id_team_home","id_team_guest","referee","assistant_referee1","assistant_referee2") VALUES
(1,1,'2023-09-01','18:00', 1, 2,'Λαμπρόπουλος','Σταματίου','Γρηγορίου'),
(2,1,'2023-09-02','17:00',3 ,4 ,'Λαμπρόπουλος','Σταματίου','Γρηγορίου'),
(3,23,'2023-09-01','18:00', 13, 14,'Λαμπρόπουλος','Σταματίου','Γρηγορίου');*/
/*INSERT INTO "PLAYER" ("id_player", "name", "lastname", "player_number", "birthday", "nationality", "shirt_number", "height", "position") VALUES
-- Ομάδα 1
(1, 'Γιάννης', 'Παπαδόπουλος', 1001, '1990-01-01', 'Ελληνική', 1, 1.80, 'τερματοφύλακας'),
(2, 'Κώστας', 'Νικολάου', 1002, '1991-02-02', 'Ελληνική', 2, 1.85, 'αμυντικός'),
(3, 'Δημήτρης', 'Γεωργίου', 1003, '1992-03-03', 'Ελληνική', 3, 1.75, 'μέσος'),
(4, 'Αλέξανδρος', 'Σωτηρίου', 1004, '1993-04-04', 'Ελληνική', 4, 1.78, 'επιθετικός'),
(5, 'Παναγιώτης', 'Αντωνίου', 1005, '1994-05-05', 'Ελληνική', 5, 1.82, 'τερματοφύλακας'),
(31, 'Ανδρέας', 'Χρήστου', 1036, '1995-06-06', 'Ελληνική', 6, 1.80, 'αμυντικός'),
(32, 'Στέφανος', 'Δημητρίου', 1037, '1996-07-07', 'Ελληνική', 7, 1.77, 'μέσος'),
-- Ομάδα 2
(6, 'Αναστάσιος', 'Κωνσταντίνου', 1016, '1990-01-01', 'Ελληνική', 1, 1.80, 'τερματοφύλακας'),
(7, 'Βασίλειος', 'Αντωνίου', 1017, '1991-02-02', 'Ελληνική', 2, 1.85, 'αμυντικός'),
(8, 'Χαράλαμπος', 'Γεωργίου', 1018, '1992-03-03', 'Ελληνική', 3, 1.75, 'μέσος'),
(9, 'Εμμανουήλ', 'Σωτηρίου', 1019, '1993-04-04', 'Ελληνική', 4, 1.78, 'επιθετικός'),
(10, 'Σπυρίδων', 'Αντωνίου', 1020, '1994-05-05', 'Ελληνική', 5, 1.82, 'τερματοφύλακας'),
(43, 'Ιωάννης', 'Μακρής', 1043, '2002-01-13', 'Ελληνική', 13, 1.78, 'τερματοφύλακας'),
(44, 'Πέτρος', 'Αλεξίου', 1044, '2003-02-14', 'Ελληνική', 14, 1.80, 'αμυντικός'),
--Ομάδα 3
(11, 'Αθανάσιος', 'Λαμπρόπουλος', 1011, '2000-11-11', 'Ελληνική', 11, 1.76, 'μέσος'),
(12, 'Ευάγγελος', 'Σταματίου', 1012, '2001-12-12', 'Ελληνική', 12, 1.84, 'επιθετικός'),
(13, 'Ιωάννης', 'Μακρής', 1013, '2002-01-13', 'Ελληνική', 13, 1.78, 'τερματοφύλακας'),
(14, 'Πέτρος', 'Αλεξίου', 1014, '2003-02-14', 'Ελληνική', 14, 1.80, 'αμυντικός'),
(15, 'Γεώργιος', 'Βασιλείου', 1015, '2004-03-15', 'Ελληνική', 15, 1.82, 'μέσος'),
(76, 'Αναστάσιος', 'Κωνσταντίνου', 1076, '1990-01-01', 'Ελληνική', 1, 1.80, 'τερματοφύλακας'),
(77, 'Βασίλειος', 'Αντωνίου', 1077, '1991-02-02', 'Ελληνική', 2, 1.85, 'αμυντικός'),
--Ομάδα 4
(16, 'Αντώνιος', 'Χρήστου', 1021, '1995-06-06', 'Ελληνική', 6, 1.80, 'αμυντικός'),
(17, 'Ευστάθιος', 'Δημητρίου', 1022, '1996-07-07', 'Ελληνική', 7, 1.77, 'μέσος'),
(18, 'Αριστείδης', 'Πετρόπουλος', 1023, '1997-08-08', 'Ελληνική', 8, 1.79, 'επιθετικός'),
(19, 'Περικλής', 'Καραγιάννης', 1024, '1998-09-09', 'Ελληνική', 9, 1.81, 'τερματοφύλακας'),
(20, 'Αλέξανδρος', 'Παπακωνσταντίνου', 1025, '1999-10-10', 'Ελληνική', 10, 1.83, 'αμυντικός'),
(78, 'Χαράλαμπος', 'Γεωργίου', 1078, '1992-03-03', 'Ελληνική', 3, 1.75, 'μέσος'),
(79, 'Εμμανουήλ', 'Σωτηρίου', 1079, '1993-04-04', 'Ελληνική', 4, 1.78, 'επιθετικός'),
--Ομάδα 13
(21, 'Ανδρόνικος', 'Λαμπρόπουλος', 1026, '2000-11-11', 'Ελληνική', 11, 1.76, 'μέσος'),
(22, 'Ευθύμιος', 'Σταματίου', 1027, '2001-12-12', 'Ελληνική', 12, 1.84, 'επιθετικός'),
(23, 'Θεόδωρος', 'Μακρής', 1028, '2002-01-13', 'Ελληνική', 13, 1.78, 'τερματοφύλακας'),
(24, 'Ιάκωβος', 'Αλεξίου', 1029, '2003-02-14', 'Ελληνική', 14, 1.80, 'αμυντικός'),
(25, 'Ιωσήφ', 'Βασιλείου', 1030, '2004-03-15', 'Ελληνική', 15, 1.82, 'μέσος'),
(99, 'Χρήστος', 'Καραγιάννης', 1099, '1998-09-09', 'Ελληνική', 9, 1.81, 'τερματοφύλακας'),
(100, 'Νικόλαος', 'Παπακωνσταντίνου', 1100, '1999-10-10', 'Ελληνική', 10, 1.83, 'αμυντικός'),
--Ομάδα 14
(26, 'Μιχαήλ', 'Παπαδόπουλος', 1031, '1990-01-01', 'Ελληνική', 1, 1.80, 'τερματοφύλακας'),
(27, 'Νικόλαος', 'Νικολάου', 1032, '1991-02-02', 'Ελληνική', 2, 1.85, 'αμυντικός'),
(28, 'Παναγιώτης', 'Γεωργίου', 1033, '1992-03-03', 'Ελληνική', 3, 1.75, 'μέσος'),
(29, 'Σωτήριος', 'Σωτηρίου', 1034, '1993-04-04', 'Ελληνική', 4, 1.78, 'επιθετικός'),
(96, 'Μάνος', 'Χρήστου', 1096, '1995-06-06', 'Ελληνική', 6, 1.80, 'αμυντικός'),
(97, 'Γιάννης', 'Δημητρίου', 1097, '1996-07-07', 'Ελληνική', 7, 1.77, 'μέσος'),
(30, 'Χρήστος', 'Αντωνίου', 1035, '1994-05-05', 'Ελληνική', 5, 1.82, 'τερματοφύλακας');*/
/*INSERT INTO "TEAM_PLAYER" ("id_team_per_season", "id_player", "start_date", "end_date") VALUES
(1, 1, '2023-07-01', '2024-06-30'),
(1, 2, '2023-07-01', '2024-06-30'),
(1, 3, '2023-07-01', '2024-06-30'),
(1, 4, '2023-07-01', '2024-06-30'),
(1, 5, '2023-07-01', '2024-06-30'),
(1, 31, '2023-07-01', '2024-06-30'),
(1, 32, '2023-07-01', '2024-06-30'),
(2, 6, '2023-07-01', '2024-06-30'),
(2, 7, '2023-07-01', '2024-06-30'),
(2, 8, '2023-07-01', '2024-06-30'),
(2, 9, '2023-07-01', '2024-06-30'),
(2, 10, '2023-07-01', '2024-06-30'),
(2, 43, '2023-07-01', '2024-06-30'),
(2, 44, '2023-07-01', '2024-06-30'),
(3, 11, '2023-07-01', '2024-06-30');
INSERT INTO "TEAM_PLAYER" ("id_team_per_season", "id_player", "start_date", "end_date") VALUES
(3, 12, '2023-07-01', '2024-06-30'),
(3, 13, '2023-07-01', '2024-06-30'),
(3, 14, '2023-07-01', '2024-06-30'),
(3, 15, '2023-07-01', '2024-06-30'),
(3, 76, '2023-07-01', '2024-06-30'),
(3, 77, '2023-07-01', '2024-06-30'),
(4, 16, '2023-07-01', '2024-06-30'),
(4, 17, '2023-07-01', '2024-06-30'),
(4, 18, '2023-07-01', '2024-06-30'),
(4, 19, '2023-07-01', '2024-06-30'),
(4, 20, '2023-07-01', '2024-06-30'),
(4, 78, '2023-07-01', '2024-06-30'),
(4, 79, '2023-07-01', '2024-06-30'),
(13, 21, '2023-07-01', '2024-06-30'),
(13, 22, '2023-07-01', '2024-06-30');
INSERT INTO "TEAM_PLAYER" ("id_team_per_season", "id_player", "start_date", "end_date") VALUES
(13, 23, '2023-07-01', '2024-06-30'),
(13, 24, '2023-07-01', '2024-06-30'),
(13, 25, '2023-07-01', '2024-06-30'),
(13, 99, '2023-07-01', '2024-06-30'),
(13, 100, '2023-07-01', '2024-06-30'),
(14, 26, '2023-07-01', '2024-06-30'),
(14, 27, '2023-07-01', '2024-06-30'),
(14, 28, '2023-07-01', '2024-06-30'),
(14, 29, '2023-07-01', '2024-06-30'),
(14, 96, '2023-07-01', '2024-06-30'),
(14, 97, '2023-07-01', '2024-06-30'),
(14, 30, '2023-07-01', '2024-06-30');*/
/*INSERT INTO "GOAL" ("id_goal", "type") VALUES
(6, 'αυτογκόλ');*/
/*INSERT INTO "PLAYER_GOAL" ("id_match", "id_player","id_goal","minute") VALUES
(1,2,1,50),
(1,10,1,65),
(1,3,1,70),
(2,14,1,30),
(2,19,2,70),
(3,28,2,28);*/
/*INSERT INTO "PLAYER_CARD" ("id_match", "id_player","id_card","minute") VALUES
(1,4,1,50),
(1,9,2,65),
(1,44,1,80),
(2,20,1,30),
(3,99,1,70);*/
/*INSERT INTO "PARTICIPATION" ("id_participation","minute_in","minute_out") VALUES
(31,0,75),
(32,90,90),
(43,65,90),
(44,25,90),
(11,0,50),
(12,50,90),
(13,75,90),
(14,0,75),
(15,0,90),
(76,0,90),
(77,0,90),
(16,90,90),
(17,0,65),
(18,65,90),
(19,0,90),
(20,0,90),
(78,0,90),
(79,0,90),
(21,0,35),
(22,0,90),
(23,75,90),
(24,35,90),
(25,0,90),
(99,0,75),
(100,0,90),
(26,0,48),
(27,48,90),
(28,0,90),
(29,0,90),
(96,65,90),
(97,0,90),
(30,0,65);*/
/*INSERT INTO "PLAYER_PARTICIPATION" ("id_match", "id_player","id_participation") VALUES
(1,1,1),
(1,2,2),
(1,3,3),
(1,4,4),
(1,5,5),
(1,31,31),
(1,32,32),
(1,6,6),
(1,7,7),
(1,8,8),
(1,9,9),
(1,10,10),
(1,43,43),
(1,44,44),
(2,11,11),
(2,12,12),
(2,13,13),
(2,14,14),
(2,15,15),
(2,76,76),
(2,77,77),
(2,16,16),
(2,17,17),
(2,18,18),
(2,19,19),
(2,20,20),
(2,78,78),
(2,79,79),
(3,21,21),
(3,22,22),
(3,23,23),
(3,24,24),
(3,25,25),
(3,99,99),
(3,100,100),
(3,26,26),
(3,27,27),
(3,28,28),
(3,29,29),
(3,96,96),
(3,97,97),
(3,30,30);*/
/*INSERT INTO "TEAM_PER_SEASON" ("id_team_per_season", "id_season", "id_league",  "EPO_id", "id_arena") VALUES
-- Κατηγορία Α
(37, 2,  1,  101,  1),
(38, 2,  1,  102,  2),
(39, 2,  1,  103,  3),
(40, 2,  1,  104,  4),
(41, 2,  1,  105,  5),
(42, 2,  1,  106,  6),
(43, 2,  1,  107,  7),
(44, 2,  1,  108,  8),
(45, 2,  1,  109,  9),
(46, 2,  1,  110,  10),
(47, 2,  1,  114,  14), -- Από Κατηγορία Β
(48, 2,  1,  115,  15), -- Από Κατηγορία Β

-- Κατηγορία Β
(49, 2,  2,  111,  11), -- Από Κατηγορία Α
(50, 2,  2,  112,  12), -- Από Κατηγορία Α
(51, 2,  2,  113,  13),
(52, 2,  2,  116,  16),
(53, 2,  2,  117,  17),
(54, 2,  2,  118,  18),
(55, 2,  2,  119,  19),
(56, 2,  2,  120,  20),
(57, 2,  2,  121,  21),
(58, 2,  2,  122,  22),
(59, 2,  2,  123,  23),
(60, 2,  2,  124,  24),

-- Κατηγορία Γ
(61, 2,  3,  125,  25),
(62, 2,  3,  126,  26),
(63, 2,  3,  127,  27),
(64, 2,  3,  128,  28),
(65, 2,  3,  129,  29),
(66, 2,  3,  130,  30),
(67, 2,  3,  131,  31),
(68, 2,  3,  132,  32),
(69, 2,  3,  133,  33),
(70, 2,  3,  134,  34),
(71, 2,  3,  135,  35),
(72, 2,  3,  136,  36);*/